manager_id,name,wikidata_id,commons_file,image_url,thumb_url,local_path,page_url,license,artist,credit,source_id,retrieved_at
ah-albut,A. H. Albut,Q278693,AHAlbut.jpg,https://upload.wikimedia.org/wikipedia/commons/d/d4/AHAlbut.jpg,https://upload.wikimedia.org/wikipedia/commons/d/d4/AHAlbut.jpg,/media/managers/ah-albut.webp,https://commons.wikimedia.org/wiki/File:AHAlbut.jpg,Public domain,"неизвестен, unknown",http://www.mufcinfo.com/manupag/managers/mangers_pages/albut_alf.html,wikidata-commons,2026-07-03T00:30:07.917Z
darren-fletcher,Darren Fletcher,Q172792,Darren Fletcher vs Everton (cropped).jpg,https://upload.wikimedia.org/wikipedia/commons/1/10/Darren_Fletcher_vs_Everton_%28cropped%29.jpg,https://upload.wikimedia.org/wikipedia/commons/thumb/1/10/Darren_Fletcher_vs_Everton_%28cropped%29.jpg/330px-Darren_Fletcher_vs_Everton_%28cropped%29.jpg,/media/managers/darren-fletcher.webp,https://commons.wikimedia.org/wiki/File:Darren_Fletcher_vs_Everton_(cropped).jpg,CC BY 2.0,Gordon Flood,originally posted to Flickr as Man Utd V Everton-29,wikidata-commons,2026-07-03T00:30:07.917Z
dave-sexton,Dave Sexton,Q735094,Dave Sexton.jpg,https://upload.wikimedia.org/wikipedia/commons/5/5b/Dave_Sexton.jpg,https://upload.wikimedia.org/wikipedia/commons/thumb/5/5b/Dave_Sexton.jpg/330px-Dave_Sexton.jpg,/media/managers/dave-sexton.webp,https://commons.wikimedia.org/wiki/File:Dave_Sexton.jpg,CC BY-SA 4.0,Unua.genius,Own work,wikidata-commons,2026-07-03T00:30:07.917Z
david-moyes,David Moyes,Q297252,David Moyes MUFC 2013.jpg,https://upload.wikimedia.org/wikipedia/commons/1/1c/David_Moyes_MUFC_2013.jpg,https://upload.wikimedia.org/wikipedia/commons/thumb/1/1c/David_Moyes_MUFC_2013.jpg/330px-David_Moyes_MUFC_2013.jpg,/media/managers/david-moyes.webp,https://commons.wikimedia.org/wiki/File:David_Moyes_MUFC_2013.jpg,CC BY-SA 2.0,"Jon Candy from Cardiff, Wales",DSC05469 Uploaded by Dudek1337,wikidata-commons,2026-07-03T00:30:07.917Z
erik-ten-hag,Erik ten Hag,Q2844569,Открытая тренировка «Аякса» перед матчем с «Динамо». 27 августа 2018 года — 900304 (Erik ten Hag).jpg,https://upload.wikimedia.org/wikipedia/commons/f/fc/%D0%9E%D1%82%D0%BA%D1%80%D1%8B%D1%82%D0%B0%D1%8F_%D1%82%D1%80%D0%B5%D0%BD%D0%B8%D1%80%D0%BE%D0%B2%D0%BA%D0%B0_%C2%AB%D0%90%D1%8F%D0%BA%D1%81%D0%B0%C2%BB_%D0%BF%D0%B5%D1%80%D0%B5%D0%B4_%D0%BC%D0%B0%D1%82%D1%87%D0%B5%D0%BC_%D1%81_%C2%AB%D0%94%D0%B8%D0%BD%D0%B0%D0%BC%D0%BE%C2%BB._27_%D0%B0%D0%B2%D0%B3%D1%83%D1%81%D1%82%D0%B0_2018_%D0%B3%D0%BE%D0%B4%D0%B0_%E2%80%94_900304_%28Erik_ten_Hag%29.jpg,https://upload.wikimedia.org/wikipedia/commons/thumb/f/fc/%D0%9E%D1%82%D0%BA%D1%80%D1%8B%D1%82%D0%B0%D1%8F_%D1%82%D1%80%D0%B5%D0%BD%D0%B8%D1%80%D0%BE%D0%B2%D0%BA%D0%B0_%C2%AB%D0%90%D1%8F%D0%BA%D1%81%D0%B0%C2%BB_%D0%BF%D0%B5%D1%80%D0%B5%D0%B4_%D0%BC%D0%B0%D1%82%D1%87%D0%B5%D0%BC_%D1%81_%C2%AB%D0%94%D0%B8%D0%BD%D0%B0%D0%BC%D0%BE%C2%BB._27_%D0%B0%D0%B2%D0%B3%D1%83%D1%81%D1%82%D0%B0_2018_%D0%B3%D0%BE%D0%B4%D0%B0_%E2%80%94_900304_%28Erik_ten_Hag%29.jpg/330px-%D0%9E%D1%82%D0%BA%D1%80%D1%8B%D1%82%D0%B0%D1%8F_%D1%82%D1%80%D0%B5%D0%BD%D0%B8%D1%80%D0%BE%D0%B2%D0%BA%D0%B0_%C2%AB%D0%90%D1%8F%D0%BA%D1%81%D0%B0%C2%BB_%D0%BF%D0%B5%D1%80%D0%B5%D0%B4_%D0%BC%D0%B0%D1%82%D1%87%D0%B5%D0%BC_%D1%81_%C2%AB%D0%94%D0%B8%D0%BD%D0%B0%D0%BC%D0%BE%C2%BB._27_%D0%B0%D0%B2%D0%B3%D1%83%D1%81%D1%82%D0%B0_2018_%D0%B3%D0%BE%D0%B4%D0%B0_%E2%80%94_900304_%28Erik_ten_Hag%29.jpg,/media/managers/erik-ten-hag.webp,https://commons.wikimedia.org/wiki/File:%D0%9E%D1%82%D0%BA%D1%80%D1%8B%D1%82%D0%B0%D1%8F_%D1%82%D1%80%D0%B5%D0%BD%D0%B8%D1%80%D0%BE%D0%B2%D0%BA%D0%B0_%C2%AB%D0%90%D1%8F%D0%BA%D1%81%D0%B0%C2%BB_%D0%BF%D0%B5%D1%80%D0%B5%D0%B4_%D0%BC%D0%B0%D1%82%D1%87%D0%B5%D0%BC_%D1%81_%C2%AB%D0%94%D0%B8%D0%BD%D0%B0%D0%BC%D0%BE%C2%BB._27_%D0%B0%D0%B2%D0%B3%D1%83%D1%81%D1%82%D0%B0_2018_%D0%B3%D0%BE%D0%B4%D0%B0_%E2%80%94_900304_(Erik_ten_Hag).jpg,CC BY-SA 4.0,Olga Shcherbytska,https://www.dynamomania.com/album/1842-otkrytaya-trenirovka-ayaksa-pered-matchem-s-dinamo-27-avgusta-2018-goda/900304,wikidata-commons,2026-07-03T00:30:07.917Z
ernest-mangnall,Ernest Mangnall,Q706085,Ernest Mangnall.jpg,https://upload.wikimedia.org/wikipedia/commons/b/b8/Ernest_Mangnall.jpg,https://upload.wikimedia.org/wikipedia/commons/b/b8/Ernest_Mangnall.jpg,/media/managers/ernest-mangnall.webp,https://commons.wikimedia.org/wiki/File:Ernest_Mangnall.jpg,Public domain,Unknown author Unknown author,http://www.pmagnall.demon.co.uk/fm152.htm,wikidata-commons,2026-07-03T00:30:07.917Z
jack-robson,Jack Robson,Q1677196,Robson John.jpg,https://upload.wikimedia.org/wikipedia/commons/9/98/Robson_John.jpg,https://upload.wikimedia.org/wikipedia/commons/9/98/Robson_John.jpg,/media/managers/jack-robson.webp,https://commons.wikimedia.org/wiki/File:Robson_John.jpg,Public domain,Unknown author Unknown author,http://www.mufcinfo.com/manupag/managers/mangers_pages/robson_john.html,wikidata-commons,2026-07-03T00:30:07.917Z
james-west,James West,,James West.jpg,https://upload.wikimedia.org/wikipedia/commons/3/38/James_West.jpg,https://upload.wikimedia.org/wikipedia/commons/3/38/James_West.jpg,/media/managers/james-west.webp,https://commons.wikimedia.org/wiki/File:James_West.jpg,Public domain,Unknown author Unknown author,https://www.mufcinfo.com/manupag/managers/mangers_pages/west_james.html,wikidata-commons,2026-07-03T00:30:07.917Z
john-bentley,John Bentley,Q1380430,JJBentley.jpg,https://upload.wikimedia.org/wikipedia/commons/7/72/JJBentley.jpg,https://upload.wikimedia.org/wikipedia/commons/7/72/JJBentley.jpg,/media/managers/john-bentley.webp,https://commons.wikimedia.org/wiki/File:JJBentley.jpg,Public domain,Unknown author Unknown author,http://www.darwenfc.com/dcalvy/jbentley.htm,wikidata-commons,2026-07-03T00:30:07.917Z
jose-mourinho,José Mourinho,Q79983,José Mourinho (cropped).jpg,https://upload.wikimedia.org/wikipedia/commons/1/1a/Jos%C3%A9_Mourinho_%28cropped%29.jpg,https://upload.wikimedia.org/wikipedia/commons/thumb/1/1a/Jos%C3%A9_Mourinho_%28cropped%29.jpg/330px-Jos%C3%A9_Mourinho_%28cropped%29.jpg,/media/managers/jose-mourinho.webp,https://commons.wikimedia.org/wiki/File:Jos%C3%A9_Mourinho_(cropped).jpg,CC BY-SA 3.0,Дмитрий Голубович,https://www.soccer0010.com/galery/1013397/photo/673146,wikidata-commons,2026-07-03T00:30:07.917Z
louis-van-gaal,Louis van Gaal,Q207431,Louis van Gaal 2014.jpg,https://upload.wikimedia.org/wikipedia/commons/0/09/Louis_van_Gaal_2014.jpg,https://upload.wikimedia.org/wikipedia/commons/thumb/0/09/Louis_van_Gaal_2014.jpg/330px-Louis_van_Gaal_2014.jpg,/media/managers/louis-van-gaal.webp,https://commons.wikimedia.org/wiki/File:Louis_van_Gaal_2014.jpg,CC BY-SA 2.0,"Congres in Beeld from Eindhoven, The Netherlands",WVDO_2014041286.jpg,wikidata-commons,2026-07-03T00:30:07.917Z
michael-carrick,Michael Carrick,Q29566,Michael Carrick - July 2015 (cropped).jpg,https://upload.wikimedia.org/wikipedia/commons/b/b9/Michael_Carrick_-_July_2015_%28cropped%29.jpg,https://upload.wikimedia.org/wikipedia/commons/thumb/b/b9/Michael_Carrick_-_July_2015_%28cropped%29.jpg/330px-Michael_Carrick_-_July_2015_%28cropped%29.jpg,/media/managers/michael-carrick.webp,https://commons.wikimedia.org/wiki/File:Michael_Carrick_-_July_2015_(cropped).jpg,CC BY-SA 2.0,"Matt Janzer from Missoula, USA","MUFC v CA - Seattle, WA - July 17, 2015",wikidata-commons,2026-07-03T00:30:07.917Z
ole-gunnar-solskjaer,Ole Gunnar Solskjær,Q18976,Ole Gunnar Solksjaer 2021.jpg,https://upload.wikimedia.org/wikipedia/commons/5/58/Ole_Gunnar_Solksjaer_2021.jpg,https://upload.wikimedia.org/wikipedia/commons/thumb/5/58/Ole_Gunnar_Solksjaer_2021.jpg/330px-Ole_Gunnar_Solksjaer_2021.jpg,/media/managers/ole-gunnar-solskjaer.webp,https://commons.wikimedia.org/wiki/File:Ole_Gunnar_Solksjaer_2021.jpg,CC BY-SA 4.0,Ardfern,Own work,wikidata-commons,2026-07-03T00:30:07.917Z
ralf-rangnick,Ralf Rangnick,Q57902,"Manchester United v Crystal Palace, 5 December 2021 (35).jpg",https://upload.wikimedia.org/wikipedia/commons/f/fc/Manchester_United_v_Crystal_Palace%2C_5_December_2021_%2835%29.jpg,https://upload.wikimedia.org/wikipedia/commons/thumb/f/fc/Manchester_United_v_Crystal_Palace%2C_5_December_2021_%2835%29.jpg/330px-Manchester_United_v_Crystal_Palace%2C_5_December_2021_%2835%29.jpg,/media/managers/ralf-rangnick.webp,"https://commons.wikimedia.org/wiki/File:Manchester_United_v_Crystal_Palace,_5_December_2021_(35).jpg",CC BY-SA 4.0,Ardfern,Own work,wikidata-commons,2026-07-03T00:30:07.917Z
ron-atkinson,Ron Atkinson,Q344875,RonAtkinson.JPG,https://upload.wikimedia.org/wikipedia/commons/9/93/RonAtkinson.JPG,https://upload.wikimedia.org/wikipedia/commons/thumb/9/93/RonAtkinson.JPG/330px-RonAtkinson.JPG,/media/managers/ron-atkinson.webp,https://commons.wikimedia.org/wiki/File:RonAtkinson.JPG,CC BY-SA 3.0,Pontificake at English Wikipedia,Transferred from en.wikipedia to Commons by ShinePhantom using CommonsHelper .,wikidata-commons,2026-07-03T00:30:07.917Z
ruud-van-nistelrooy,Ruud van Nistelrooy,Q45626,Ruud.JPG,https://upload.wikimedia.org/wikipedia/commons/2/2b/Ruud.JPG,https://upload.wikimedia.org/wikipedia/commons/thumb/2/2b/Ruud.JPG/330px-Ruud.JPG,/media/managers/ruud-van-nistelrooy.webp,https://commons.wikimedia.org/wiki/File:Ruud.JPG,Public domain,User:Aloba,Own work,wikidata-commons,2026-07-03T00:30:07.917Z
ryan-giggs,Ryan Giggs,Q10524,Ryan Giggs in 2008.jpg,https://upload.wikimedia.org/wikipedia/commons/5/58/Ryan_Giggs_in_2008.jpg,https://upload.wikimedia.org/wikipedia/commons/thumb/5/58/Ryan_Giggs_in_2008.jpg/330px-Ryan_Giggs_in_2008.jpg,/media/managers/ryan-giggs.webp,https://commons.wikimedia.org/wiki/File:Ryan_Giggs_in_2008.jpg,CC BY 2.0,James Adams,https://www.flickr.com/photos/jmage/2974655582/in/set-72157608386211837/,wikidata-commons,2026-07-03T00:30:07.917Z
ruben-amorim,Rúben Amorim,Q368682,RubenAmorim3.png,https://upload.wikimedia.org/wikipedia/commons/b/b3/RubenAmorim3.png,https://upload.wikimedia.org/wikipedia/commons/thumb/b/b3/RubenAmorim3.png/330px-RubenAmorim3.png,/media/managers/ruben-amorim.webp,https://commons.wikimedia.org/wiki/File:RubenAmorim3.png,CC BY 3.0,Agência Lusa,YouTube : https://www.youtube.com/watch?v=pa7kvubJxHE – View/save archived versions on archive.org,wikidata-commons,2026-07-03T00:30:07.917Z
alex-ferguson,Sir Alex Ferguson,Q44980,Alex Ferguson.jpg,https://upload.wikimedia.org/wikipedia/commons/1/14/Alex_Ferguson.jpg,https://upload.wikimedia.org/wikipedia/commons/thumb/1/14/Alex_Ferguson.jpg/330px-Alex_Ferguson.jpg,/media/managers/alex-ferguson.webp,https://commons.wikimedia.org/wiki/File:Alex_Ferguson.jpg,CC BY 2.0,Austin Osuide,Cropped and lightened version of the file uploaded to Flickr with the name AIG,wikidata-commons,2026-07-03T00:30:07.917Z
matt-busby,Sir Matt Busby,Q206237,Matt Busby cropped.jpg,https://upload.wikimedia.org/wikipedia/commons/7/74/Matt_Busby_cropped.jpg,https://upload.wikimedia.org/wikipedia/commons/7/74/Matt_Busby_cropped.jpg,/media/managers/matt-busby.webp,https://commons.wikimedia.org/wiki/File:Matt_Busby_cropped.jpg,Public domain,Kurt Nielsen © Scanpix,derived from Busby babes,wikidata-commons,2026-07-03T00:30:07.917Z
tommy-docherty,Tommy Docherty,Q735009,Tommy Docherty 2017 01.jpg,https://upload.wikimedia.org/wikipedia/commons/2/29/Tommy_Docherty_2017_01.jpg,https://upload.wikimedia.org/wikipedia/commons/thumb/2/29/Tommy_Docherty_2017_01.jpg/330px-Tommy_Docherty_2017_01.jpg,/media/managers/tommy-docherty.webp,https://commons.wikimedia.org/wiki/File:Tommy_Docherty_2017_01.jpg,CC BY-SA 2.0,"@cfcunofficial (Chelsea Debs) London from London, UK",TommyDoc8.10.17-2,wikidata-commons,2026-07-03T00:30:07.917Z
wilf-mcguinness,Wilf McGuinness,Q2006716,Manchester United FC 1957.jpg,https://upload.wikimedia.org/wikipedia/commons/3/3e/Manchester_United_FC_1957.jpg,https://upload.wikimedia.org/wikipedia/commons/thumb/3/3e/Manchester_United_FC_1957.jpg/330px-Manchester_United_FC_1957.jpg,/media/managers/wilf-mcguinness.webp,https://commons.wikimedia.org/wiki/File:Manchester_United_FC_1957.jpg,Public domain,Eskil Malmberg,"Rekord-Magasinet nr 36, 1957",wikidata-commons,2026-07-03T00:30:07.917Z
